sensorId,sensorType,rainIntensity,humidity,timestamp,rainfallAmount,cumulativeRainfall,status,temperature
RS001,Rain Sensor,47.9,78.1,2025-04-01 00:00:00,9.79,9.79,Active,22.3
RS001,Rain Sensor,76.5,85.0,2025-04-01 01:00:00,10.6,20.38,Active,19.2
RS001,Rain Sensor,57.4,79.4,2025-04-01 02:00:00,8.64,29.02,Active,22.8
RS001,Rain Sensor,69.4,97.6,2025-04-01 03:00:00,9.68,38.71,Active,20.2
RS001,Rain Sensor,21.5,91.6,2025-04-01 04:00:00,2.69,41.4,Active,18.6
RS001,Rain Sensor,69.4,90.4,2025-04-01 05:00:00,9.6,51.0,Active,19.8
RS001,Rain Sensor,67.8,75.5,2025-04-01 06:00:00,2.8,53.8,Active,26.0
RS001,Rain Sensor,0.0,93.3,2025-04-01 07:00:00,0.0,53.8,Active,21.7
RS001,Rain Sensor,85.1,72.5,2025-04-01 08:00:00,11.46,65.27,Active,19.8
RS001,Rain Sensor,0.0,90.9,2025-04-01 09:00:00,0.0,65.27,Active,18.5
RS001,Rain Sensor,56.3,93.3,2025-04-01 10:00:00,5.84,71.1,Active,20.4
RS001,Rain Sensor,0.0,76.5,2025-04-01 11:00:00,0.0,71.1,Active,24.2
RS001,Rain Sensor,69.8,81.2,2025-04-01 12:00:00,7.04,78.14,Active,24.1
RS001,Rain Sensor,63.2,79.5,2025-04-01 13:00:00,3.4,81.54,Active,24.9
RS001,Rain Sensor,24.6,79.3,2025-04-01 14:00:00,14.37,95.91,Active,21.1
RS001,Rain Sensor,73.0,85.2,2025-04-01 15:00:00,14.61,110.52,Active,29.4
RS001,Rain Sensor,0.0,75.4,2025-04-01 16:00:00,0.0,110.52,Active,28.1
RS001,Rain Sensor,55.3,70.4,2025-04-01 17:00:00,10.35,120.87,Active,26.0
RS001,Rain Sensor,0.0,92.2,2025-04-01 18:00:00,0.0,120.87,Active,20.9
RS001,Rain Sensor,0.0,86.3,2025-04-01 19:00:00,0.0,120.87,Active,21.4
RS001,Rain Sensor,0.0,79.6,2025-04-01 20:00:00,0.0,120.87,Active,22.9
RS001,Rain Sensor,0.0,81.2,2025-04-01 21:00:00,0.0,120.87,Active,26.0
RS001,Rain Sensor,0.0,91.7,2025-04-01 22:00:00,0.0,120.87,Active,18.0
RS001,Rain Sensor,0.0,85.5,2025-04-01 23:00:00,0.0,120.87,Active,18.1
RS001,Rain Sensor,54.2,80.2,2025-04-02 00:00:00,11.3,132.17,Active,21.5
RS001,Rain Sensor,31.6,88.1,2025-04-02 01:00:00,14.23,146.39,Active,19.0
RS001,Rain Sensor,0.0,86.2,2025-04-02 02:00:00,0.0,146.39,Active,23.2
RS001,Rain Sensor,0.0,96.1,2025-04-02 03:00:00,0.0,146.39,Active,26.9
RS001,Rain Sensor,0.0,71.6,2025-04-02 04:00:00,0.0,146.39,Active,16.9
RS001,Rain Sensor,0.0,89.4,2025-04-02 05:00:00,0.0,146.39,Active,27.1
RS001,Rain Sensor,0.0,77.2,2025-04-02 06:00:00,0.0,146.39,Active,18.4
RS001,Rain Sensor,11.0,82.9,2025-04-02 07:00:00,10.56,156.95,Active,24.1
RS001,Rain Sensor,0.0,91.1,2025-04-02 08:00:00,0.0,156.95,Active,24.2
RS001,Rain Sensor,68.1,78.6,2025-04-02 09:00:00,1.66,158.61,Active,22.7
RS001,Rain Sensor,73.4,80.9,2025-04-02 10:00:00,8.28,166.89,Active,24.4
RS001,Rain Sensor,44.3,87.3,2025-04-02 11:00:00,1.53,168.42,Active,27.8
RS001,Rain Sensor,0.0,90.0,2025-04-02 12:00:00,0.0,168.42,Active,20.6
RS001,Rain Sensor,69.3,98.4,2025-04-02 13:00:00,3.11,171.53,Active,26.5
RS001,Rain Sensor,0.0,97.5,2025-04-02 14:00:00,0.0,171.53,Active,21.7
RS001,Rain Sensor,36.2,72.3,2025-04-02 15:00:00,9.8,181.33,Active,28.2
RS001,Rain Sensor,0.0,88.6,2025-04-02 16:00:00,0.0,181.33,Active,25.5
RS001,Rain Sensor,54.8,71.0,2025-04-02 17:00:00,4.02,185.35,Active,20.2
RS001,Rain Sensor,0.0,78.6,2025-04-02 18:00:00,0.0,185.35,Active,25.7
RS001,Rain Sensor,66.4,73.1,2025-04-02 19:00:00,9.31,194.66,Active,25.3
RS001,Rain Sensor,0.0,95.4,2025-04-02 20:00:00,0.0,194.66,Active,22.6
RS001,Rain Sensor,21.7,95.6,2025-04-02 21:00:00,10.08,204.73,Active,25.5
RS001,Rain Sensor,0.0,72.6,2025-04-02 22:00:00,0.0,204.73,Active,22.7
RS001,Rain Sensor,0.0,92.4,2025-04-02 23:00:00,0.0,204.73,Active,25.5
RS001,Rain Sensor,0.0,82.1,2025-04-03 00:00:00,0.0,204.73,Active,25.5
RS001,Rain Sensor,65.2,90.3,2025-04-03 01:00:00,10.22,214.96,Active,18.8
RS001,Rain Sensor,11.8,89.3,2025-04-03 02:00:00,4.69,219.64,Active,20.0
RS001,Rain Sensor,29.1,98.3,2025-04-03 03:00:00,13.78,233.43,Active,21.1
RS001,Rain Sensor,38.6,90.6,2025-04-03 04:00:00,6.57,240.0,Active,19.4
RS001,Rain Sensor,52.8,75.4,2025-04-03 05:00:00,6.79,246.79,Active,21.5
RS001,Rain Sensor,82.8,91.9,2025-04-03 06:00:00,0.7,247.49,Active,24.2
RS001,Rain Sensor,0.0,83.7,2025-04-03 07:00:00,0.0,247.49,Active,26.3
RS001,Rain Sensor,0.0,75.7,2025-04-03 08:00:00,0.0,247.49,Active,19.5
RS001,Rain Sensor,0.0,73.5,2025-04-03 09:00:00,0.0,247.49,Active,22.7
RS001,Rain Sensor,0.0,82.9,2025-04-03 10:00:00,0.0,247.49,Active,18.9
RS001,Rain Sensor,0.0,75.6,2025-04-03 11:00:00,0.0,247.49,Active,23.0
RS001,Rain Sensor,53.0,72.0,2025-04-03 12:00:00,11.85,259.34,Active,20.5
RS001,Rain Sensor,55.2,91.1,2025-04-03 13:00:00,10.98,270.33,Active,27.8
RS001,Rain Sensor,0.0,93.4,2025-04-03 14:00:00,0.0,270.33,Active,24.3
RS001,Rain Sensor,0.0,96.7,2025-04-03 15:00:00,0.0,270.33,Active,28.7
RS001,Rain Sensor,0.0,87.4,2025-04-03 16:00:00,0.0,270.33,Active,29.8
RS001,Rain Sensor,0.0,86.3,2025-04-03 17:00:00,0.0,270.33,Active,18.6
RS001,Rain Sensor,0.0,81.6,2025-04-03 18:00:00,0.0,270.33,Active,18.4
RS001,Rain Sensor,0.0,70.1,2025-04-03 19:00:00,0.0,270.33,Active,21.8
RS001,Rain Sensor,0.0,96.0,2025-04-03 20:00:00,0.0,270.33,Active,25.9
RS001,Rain Sensor,0.0,84.8,2025-04-03 21:00:00,0.0,270.33,Active,18.5
RS001,Rain Sensor,12.4,98.2,2025-04-03 22:00:00,2.11,272.44,Active,20.9
RS001,Rain Sensor,0.0,85.3,2025-04-03 23:00:00,0.0,272.44,Active,21.3
RS001,Rain Sensor,0.0,84.9,2025-04-04 00:00:00,0.0,272.44,Active,21.4
RS001,Rain Sensor,80.8,86.1,2025-04-04 01:00:00,2.24,274.68,Active,16.9
RS001,Rain Sensor,0.0,92.8,2025-04-04 02:00:00,0.0,274.68,Active,21.7
RS001,Rain Sensor,15.1,83.4,2025-04-04 03:00:00,1.62,276.3,Active,24.7
RS001,Rain Sensor,0.0,81.0,2025-04-04 04:00:00,0.0,276.3,Active,21.9
RS001,Rain Sensor,0.0,85.2,2025-04-04 05:00:00,0.0,276.3,Active,26.5
RS001,Rain Sensor,0.0,97.3,2025-04-04 06:00:00,0.0,276.3,Active,23.0
RS001,Rain Sensor,0.0,97.6,2025-04-04 07:00:00,0.0,276.3,Active,18.2
RS001,Rain Sensor,0.0,76.0,2025-04-04 08:00:00,0.0,276.3,Active,26.5
RS001,Rain Sensor,0.0,85.7,2025-04-04 09:00:00,0.0,276.3,Active,19.4
RS001,Rain Sensor,0.0,96.8,2025-04-04 10:00:00,0.0,276.3,Active,25.2
RS001,Rain Sensor,0.0,86.3,2025-04-04 11:00:00,0.0,276.3,Active,24.5
RS001,Rain Sensor,56.8,71.5,2025-04-04 12:00:00,7.61,283.91,Active,23.3
RS001,Rain Sensor,13.4,91.5,2025-04-04 13:00:00,2.03,285.93,Active,28.2
RS001,Rain Sensor,0.0,97.7,2025-04-04 14:00:00,0.0,285.93,Active,20.9
RS001,Rain Sensor,25.0,74.6,2025-04-04 15:00:00,14.18,300.11,Active,24.5
RS001,Rain Sensor,44.9,78.9,2025-04-04 16:00:00,9.74,309.86,Active,27.2
RS001,Rain Sensor,0.0,74.1,2025-04-04 17:00:00,0.0,309.86,Active,18.0
RS001,Rain Sensor,0.0,92.9,2025-04-04 18:00:00,0.0,309.86,Active,20.9
RS001,Rain Sensor,0.0,94.6,2025-04-04 19:00:00,0.0,309.86,Active,25.3
RS001,Rain Sensor,15.9,95.0,2025-04-04 20:00:00,13.57,323.43,Active,21.9
RS001,Rain Sensor,47.9,97.8,2025-04-04 21:00:00,0.47,323.9,Active,24.4
RS001,Rain Sensor,67.9,88.7,2025-04-04 22:00:00,14.86,338.76,Active,22.4
RS001,Rain Sensor,0.0,78.4,2025-04-04 23:00:00,0.0,338.76,Active,21.2
RS001,Rain Sensor,0.0,84.2,2025-04-05 00:00:00,0.0,338.76,Active,25.3
RS001,Rain Sensor,0.0,83.9,2025-04-05 01:00:00,0.0,338.76,Active,20.7
RS001,Rain Sensor,66.1,71.5,2025-04-05 02:00:00,4.94,343.7,Active,25.0
RS001,Rain Sensor,0.0,72.1,2025-04-05 03:00:00,0.0,343.7,Active,26.2
RS001,Rain Sensor,0.0,71.8,2025-04-05 04:00:00,0.0,343.7,Active,17.8
RS001,Rain Sensor,0.0,91.4,2025-04-05 05:00:00,0.0,343.7,Active,22.9
RS001,Rain Sensor,29.3,95.4,2025-04-05 06:00:00,5.73,349.43,Active,22.0
RS001,Rain Sensor,0.0,76.3,2025-04-05 07:00:00,0.0,349.43,Active,21.8
RS001,Rain Sensor,0.0,73.9,2025-04-05 08:00:00,0.0,349.43,Active,25.9
RS001,Rain Sensor,47.4,72.6,2025-04-05 09:00:00,14.42,363.85,Active,24.5
RS001,Rain Sensor,68.1,81.4,2025-04-05 10:00:00,3.14,366.99,Active,26.2
RS001,Rain Sensor,0.0,96.3,2025-04-05 11:00:00,0.0,366.99,Active,20.0
RS001,Rain Sensor,48.2,87.3,2025-04-05 12:00:00,5.49,372.47,Active,19.8
RS001,Rain Sensor,0.0,92.9,2025-04-05 13:00:00,0.0,372.47,Active,27.1
RS001,Rain Sensor,0.0,71.1,2025-04-05 14:00:00,0.0,372.47,Active,24.1
RS001,Rain Sensor,0.0,93.8,2025-04-05 15:00:00,0.0,372.47,Active,22.3
RS001,Rain Sensor,23.9,86.3,2025-04-05 16:00:00,11.41,383.88,Active,20.7
RS001,Rain Sensor,0.0,86.5,2025-04-05 17:00:00,0.0,383.88,Active,19.2
RS001,Rain Sensor,0.0,74.3,2025-04-05 18:00:00,0.0,383.88,Active,25.5
RS001,Rain Sensor,0.0,80.3,2025-04-05 19:00:00,0.0,383.88,Active,26.8
RS001,Rain Sensor,0.0,77.2,2025-04-05 20:00:00,0.0,383.88,Active,25.3
RS001,Rain Sensor,0.0,84.0,2025-04-05 21:00:00,0.0,383.88,Active,16.6
RS001,Rain Sensor,57.7,73.0,2025-04-05 22:00:00,7.2,391.08,Active,20.4
RS001,Rain Sensor,0.0,96.8,2025-04-05 23:00:00,0.0,391.08,Active,25.8
RS001,Rain Sensor,0.0,78.8,2025-04-06 00:00:00,0.0,391.08,Active,26.9
RS001,Rain Sensor,0.0,72.8,2025-04-06 01:00:00,0.0,391.08,Active,17.2
RS001,Rain Sensor,0.0,86.0,2025-04-06 02:00:00,0.0,391.08,Active,20.1
RS001,Rain Sensor,0.0,82.0,2025-04-06 03:00:00,0.0,391.08,Active,24.1
RS001,Rain Sensor,0.0,83.7,2025-04-06 04:00:00,0.0,391.08,Active,18.9
RS001,Rain Sensor,19.5,81.0,2025-04-06 05:00:00,5.77,396.85,Active,22.1
RS001,Rain Sensor,0.0,87.2,2025-04-06 06:00:00,0.0,396.85,Active,18.5
RS001,Rain Sensor,58.7,98.5,2025-04-06 07:00:00,6.72,403.58,Active,26.0
RS001,Rain Sensor,75.2,97.3,2025-04-06 08:00:00,12.7,416.28,Active,26.7
RS001,Rain Sensor,0.0,76.8,2025-04-06 09:00:00,0.0,416.28,Active,19.0
RS001,Rain Sensor,0.0,90.0,2025-04-06 10:00:00,0.0,416.28,Active,29.1
RS001,Rain Sensor,75.6,84.3,2025-04-06 11:00:00,14.47,430.75,Active,24.4
RS001,Rain Sensor,0.0,87.5,2025-04-06 12:00:00,0.0,430.75,Active,27.3
RS001,Rain Sensor,0.0,81.8,2025-04-06 13:00:00,0.0,430.75,Active,27.2
RS001,Rain Sensor,0.0,70.1,2025-04-06 14:00:00,0.0,430.75,Active,23.9
RS001,Rain Sensor,0.0,82.4,2025-04-06 15:00:00,0.0,430.75,Active,19.0
RS001,Rain Sensor,0.0,89.4,2025-04-06 16:00:00,0.0,430.75,Active,20.7
RS001,Rain Sensor,78.2,83.2,2025-04-06 17:00:00,12.04,442.79,Active,17.3
RS001,Rain Sensor,53.8,88.8,2025-04-06 18:00:00,3.36,446.15,Active,21.0
RS001,Rain Sensor,0.0,91.7,2025-04-06 19:00:00,0.0,446.15,Active,17.8
RS001,Rain Sensor,0.0,81.0,2025-04-06 20:00:00,0.0,446.15,Active,19.7
RS001,Rain Sensor,0.0,93.5,2025-04-06 21:00:00,0.0,446.15,Active,20.4
RS001,Rain Sensor,0.0,89.3,2025-04-06 22:00:00,0.0,446.15,Active,20.1
RS001,Rain Sensor,0.0,73.6,2025-04-06 23:00:00,0.0,446.15,Active,24.6
RS001,Rain Sensor,19.4,72.3,2025-04-07 00:00:00,11.2,457.35,Active,18.9
RS001,Rain Sensor,0.0,89.1,2025-04-07 01:00:00,0.0,457.35,Active,24.0
RS001,Rain Sensor,31.5,90.8,2025-04-07 02:00:00,4.73,462.08,Active,23.6
RS001,Rain Sensor,12.0,94.7,2025-04-07 03:00:00,13.42,475.5,Active,17.4
RS001,Rain Sensor,0.0,72.2,2025-04-07 04:00:00,0.0,475.5,Active,18.5
RS001,Rain Sensor,11.9,88.9,2025-04-07 05:00:00,12.48,487.98,Active,24.2
RS001,Rain Sensor,75.5,82.1,2025-04-07 06:00:00,7.34,495.32,Active,20.4
RS001,Rain Sensor,0.0,74.9,2025-04-07 07:00:00,0.0,495.32,Active,18.7
RS001,Rain Sensor,72.2,87.1,2025-04-07 08:00:00,11.38,506.71,Active,18.6
RS001,Rain Sensor,0.0,80.6,2025-04-07 09:00:00,0.0,506.71,Active,19.8
RS001,Rain Sensor,88.1,73.9,2025-04-07 10:00:00,11.39,518.1,Active,29.3
RS001,Rain Sensor,0.0,70.5,2025-04-07 11:00:00,0.0,518.1,Active,27.3
RS001,Rain Sensor,0.0,96.4,2025-04-07 12:00:00,0.0,518.1,Active,26.7
RS001,Rain Sensor,39.6,91.4,2025-04-07 13:00:00,1.38,519.48,Active,22.9
RS001,Rain Sensor,0.0,88.5,2025-04-07 14:00:00,0.0,519.48,Active,23.4
RS001,Rain Sensor,47.9,91.6,2025-04-07 15:00:00,3.78,523.26,Active,24.2
RS001,Rain Sensor,70.7,89.2,2025-04-07 16:00:00,7.0,530.25,Active,22.7
RS001,Rain Sensor,79.0,93.4,2025-04-07 17:00:00,7.43,537.69,Active,20.7
RS001,Rain Sensor,67.5,90.7,2025-04-07 18:00:00,3.71,541.4,Active,21.5
RS001,Rain Sensor,14.2,80.9,2025-04-07 19:00:00,9.55,550.95,Active,18.8
RS001,Rain Sensor,0.0,77.1,2025-04-07 20:00:00,0.0,550.95,Active,16.8
RS001,Rain Sensor,0.0,74.0,2025-04-07 21:00:00,0.0,550.95,Active,17.6
RS001,Rain Sensor,65.3,82.2,2025-04-07 22:00:00,6.63,557.58,Active,21.0
RS001,Rain Sensor,0.0,88.4,2025-04-07 23:00:00,0.0,557.58,Active,23.8
RS001,Rain Sensor,45.8,80.3,2025-04-08 00:00:00,12.06,569.64,Active,26.3
RS001,Rain Sensor,0.0,86.0,2025-04-08 01:00:00,0.0,569.64,Active,19.9
RS001,Rain Sensor,0.0,90.7,2025-04-08 02:00:00,0.0,569.64,Active,18.7
RS001,Rain Sensor,0.0,89.6,2025-04-08 03:00:00,0.0,569.64,Active,27.6
RS001,Rain Sensor,32.3,95.8,2025-04-08 04:00:00,3.38,573.02,Active,23.0
RS001,Rain Sensor,89.0,85.6,2025-04-08 05:00:00,12.83,585.85,Active,17.3
RS001,Rain Sensor,0.0,75.2,2025-04-08 06:00:00,0.0,585.85,Active,23.2
RS001,Rain Sensor,0.0,91.8,2025-04-08 07:00:00,0.0,585.85,Active,23.9
RS001,Rain Sensor,54.2,91.4,2025-04-08 08:00:00,7.06,592.92,Active,21.4
RS001,Rain Sensor,55.3,88.9,2025-04-08 09:00:00,6.73,599.65,Active,22.5
RS001,Rain Sensor,16.1,83.9,2025-04-08 10:00:00,10.93,610.58,Active,28.2
RS001,Rain Sensor,0.0,96.3,2025-04-08 11:00:00,0.0,610.58,Active,28.8
RS001,Rain Sensor,15.4,85.5,2025-04-08 12:00:00,7.88,618.45,Active,28.7
RS001,Rain Sensor,43.8,81.9,2025-04-08 13:00:00,8.87,627.32,Active,22.1
RS001,Rain Sensor,0.0,73.5,2025-04-08 14:00:00,0.0,627.32,Active,23.1
RS001,Rain Sensor,0.0,97.6,2025-04-08 15:00:00,0.0,627.32,Active,25.9
RS001,Rain Sensor,66.2,78.0,2025-04-08 16:00:00,11.36,638.68,Active,27.8
RS001,Rain Sensor,39.3,90.1,2025-04-08 17:00:00,4.32,643.0,Active,22.1
RS001,Rain Sensor,0.0,74.7,2025-04-08 18:00:00,0.0,643.0,Active,25.3
RS001,Rain Sensor,83.6,84.0,2025-04-08 19:00:00,10.28,653.28,Active,25.7
RS001,Rain Sensor,16.2,80.6,2025-04-08 20:00:00,7.21,660.49,Active,20.4
RS001,Rain Sensor,83.4,76.1,2025-04-08 21:00:00,5.31,665.8,Active,23.7
RS001,Rain Sensor,48.9,92.8,2025-04-08 22:00:00,1.6,667.4,Active,18.2
RS001,Rain Sensor,28.0,80.1,2025-04-08 23:00:00,5.95,673.34,Active,17.0
RS001,Rain Sensor,32.8,92.8,2025-04-09 00:00:00,4.29,677.64,Active,20.3
RS001,Rain Sensor,26.1,80.9,2025-04-09 01:00:00,10.46,688.09,Active,18.0
RS001,Rain Sensor,17.4,79.1,2025-04-09 02:00:00,6.19,694.28,Active,19.7
RS001,Rain Sensor,0.0,82.1,2025-04-09 03:00:00,0.0,694.28,Active,17.3
RS001,Rain Sensor,49.1,78.4,2025-04-09 04:00:00,12.67,706.95,Active,19.7
RS001,Rain Sensor,0.0,84.9,2025-04-09 05:00:00,0.0,706.95,Active,26.6
RS001,Rain Sensor,0.0,88.1,2025-04-09 06:00:00,0.0,706.95,Active,20.8
RS001,Rain Sensor,59.4,96.1,2025-04-09 07:00:00,2.71,709.66,Active,24.8
RS001,Rain Sensor,83.5,81.5,2025-04-09 08:00:00,4.26,713.93,Active,25.7
RS001,Rain Sensor,66.0,75.9,2025-04-09 09:00:00,4.02,717.95,Active,22.6
RS001,Rain Sensor,0.0,76.5,2025-04-09 10:00:00,0.0,717.95,Active,30.0
RS001,Rain Sensor,0.0,73.7,2025-04-09 11:00:00,0.0,717.95,Active,23.6
RS001,Rain Sensor,70.8,93.4,2025-04-09 12:00:00,5.93,723.88,Active,21.7
RS001,Rain Sensor,20.5,89.9,2025-04-09 13:00:00,5.36,729.24,Active,20.3
RS001,Rain Sensor,0.0,73.1,2025-04-09 14:00:00,0.0,729.24,Active,25.4
RS001,Rain Sensor,0.0,98.1,2025-04-09 15:00:00,0.0,729.24,Active,28.9
RS001,Rain Sensor,0.0,78.9,2025-04-09 16:00:00,0.0,729.24,Active,30.2
RS001,Rain Sensor,67.7,89.0,2025-04-09 17:00:00,3.66,732.9,Active,18.4
RS001,Rain Sensor,0.0,71.0,2025-04-09 18:00:00,0.0,732.9,Active,23.5
RS001,Rain Sensor,0.0,86.2,2025-04-09 19:00:00,0.0,732.9,Active,26.3
RS001,Rain Sensor,0.0,90.6,2025-04-09 20:00:00,0.0,732.9,Active,21.1
RS001,Rain Sensor,0.0,95.8,2025-04-09 21:00:00,0.0,732.9,Active,19.1
RS001,Rain Sensor,0.0,78.7,2025-04-09 22:00:00,0.0,732.9,Active,17.8
RS001,Rain Sensor,21.2,80.1,2025-04-09 23:00:00,3.13,736.03,Active,25.1
RS001,Rain Sensor,83.1,96.3,2025-04-10 00:00:00,6.46,742.49,Active,16.8
RS001,Rain Sensor,30.6,77.7,2025-04-10 01:00:00,0.19,742.67,Active,20.7
RS001,Rain Sensor,78.4,93.7,2025-04-10 02:00:00,13.69,756.36,Active,21.8
RS001,Rain Sensor,52.4,81.1,2025-04-10 03:00:00,0.81,757.18,Active,19.6
RS001,Rain Sensor,29.7,70.6,2025-04-10 04:00:00,5.14,762.31,Active,21.2
RS001,Rain Sensor,20.9,98.4,2025-04-10 05:00:00,4.14,766.46,Active,17.6
RS001,Rain Sensor,87.7,77.7,2025-04-10 06:00:00,13.31,779.77,Active,17.9
RS001,Rain Sensor,0.0,99.0,2025-04-10 07:00:00,0.0,779.77,Active,18.5
RS001,Rain Sensor,78.2,92.6,2025-04-10 08:00:00,0.38,780.15,Active,25.4
RS001,Rain Sensor,0.0,93.1,2025-04-10 09:00:00,0.0,780.15,Active,24.8
RS001,Rain Sensor,61.0,82.9,2025-04-10 10:00:00,4.99,785.14,Active,20.2
RS001,Rain Sensor,0.0,87.3,2025-04-10 11:00:00,0.0,785.14,Active,27.0
RS001,Rain Sensor,0.0,96.2,2025-04-10 12:00:00,0.0,785.14,Active,20.0
RS001,Rain Sensor,0.0,74.1,2025-04-10 13:00:00,0.0,785.14,Active,20.9
RS001,Rain Sensor,69.5,84.5,2025-04-10 14:00:00,4.18,789.32,Active,20.8
RS001,Rain Sensor,0.0,87.3,2025-04-10 15:00:00,0.0,789.32,Active,20.7
RS001,Rain Sensor,70.4,81.8,2025-04-10 16:00:00,13.89,803.22,Active,26.4
RS001,Rain Sensor,0.0,96.4,2025-04-10 17:00:00,0.0,803.22,Active,26.0
RS001,Rain Sensor,77.6,89.8,2025-04-10 18:00:00,2.7,805.92,Active,23.9
RS001,Rain Sensor,0.0,88.8,2025-04-10 19:00:00,0.0,805.92,Active,23.0
RS001,Rain Sensor,0.0,84.1,2025-04-10 20:00:00,0.0,805.92,Active,19.9
RS001,Rain Sensor,65.4,88.0,2025-04-10 21:00:00,13.72,819.63,Active,24.8
RS001,Rain Sensor,78.9,94.1,2025-04-10 22:00:00,0.49,820.12,Active,26.2
RS001,Rain Sensor,48.7,75.4,2025-04-10 23:00:00,11.31,831.43,Active,25.2
RS001,Rain Sensor,41.1,95.5,2025-04-11 00:00:00,1.71,833.14,Active,22.8
RS001,Rain Sensor,0.0,84.4,2025-04-11 01:00:00,0.0,833.14,Active,17.2
RS001,Rain Sensor,0.0,89.9,2025-04-11 02:00:00,0.0,833.14,Active,20.9
RS001,Rain Sensor,0.0,80.0,2025-04-11 03:00:00,0.0,833.14,Active,25.2
RS001,Rain Sensor,0.0,85.1,2025-04-11 04:00:00,0.0,833.14,Active,22.3
RS001,Rain Sensor,0.0,87.5,2025-04-11 05:00:00,0.0,833.14,Active,21.8
RS001,Rain Sensor,0.0,70.6,2025-04-11 06:00:00,0.0,833.14,Active,25.9
RS001,Rain Sensor,0.0,93.4,2025-04-11 07:00:00,0.0,833.14,Active,24.1
RS001,Rain Sensor,30.9,95.2,2025-04-11 08:00:00,13.07,846.22,Active,25.6
RS001,Rain Sensor,0.0,93.1,2025-04-11 09:00:00,0.0,846.22,Active,20.3
RS001,Rain Sensor,31.9,85.6,2025-04-11 10:00:00,3.97,850.19,Active,21.5
RS001,Rain Sensor,0.0,75.0,2025-04-11 11:00:00,0.0,850.19,Active,24.1
RS001,Rain Sensor,69.9,88.9,2025-04-11 12:00:00,6.42,856.6,Active,19.0
RS001,Rain Sensor,0.0,97.6,2025-04-11 13:00:00,0.0,856.6,Active,26.8
RS001,Rain Sensor,10.4,97.8,2025-04-11 14:00:00,8.83,865.44,Active,22.5
RS001,Rain Sensor,0.0,75.5,2025-04-11 15:00:00,0.0,865.44,Active,20.9
RS001,Rain Sensor,86.5,93.8,2025-04-11 16:00:00,7.2,872.64,Active,27.9
RS001,Rain Sensor,29.5,83.2,2025-04-11 17:00:00,1.62,874.26,Active,20.0
RS001,Rain Sensor,40.4,70.6,2025-04-11 18:00:00,11.99,886.25,Active,19.9
RS001,Rain Sensor,81.4,78.2,2025-04-11 19:00:00,9.95,896.2,Active,20.0
RS001,Rain Sensor,0.0,77.3,2025-04-11 20:00:00,0.0,896.2,Active,22.7
RS001,Rain Sensor,0.0,77.2,2025-04-11 21:00:00,0.0,896.2,Active,17.6
RS001,Rain Sensor,78.8,81.6,2025-04-11 22:00:00,7.34,903.54,Active,18.4
RS001,Rain Sensor,77.6,93.0,2025-04-11 23:00:00,12.63,916.17,Active,21.6
RS001,Rain Sensor,0.0,96.9,2025-04-12 00:00:00,0.0,916.17,Active,21.1
RS001,Rain Sensor,0.0,93.5,2025-04-12 01:00:00,0.0,916.17,Active,18.2
RS001,Rain Sensor,0.0,76.1,2025-04-12 02:00:00,0.0,916.17,Active,19.6
RS001,Rain Sensor,47.7,87.6,2025-04-12 03:00:00,10.61,926.78,Active,21.2
RS001,Rain Sensor,0.0,71.0,2025-04-12 04:00:00,0.0,926.78,Active,21.2
RS001,Rain Sensor,24.4,78.5,2025-04-12 05:00:00,4.07,930.84,Active,18.2
RS001,Rain Sensor,0.0,84.0,2025-04-12 06:00:00,0.0,930.84,Active,19.1
RS001,Rain Sensor,0.0,97.9,2025-04-12 07:00:00,0.0,930.84,Active,23.9
RS001,Rain Sensor,0.0,92.8,2025-04-12 08:00:00,0.0,930.84,Active,27.0
RS001,Rain Sensor,0.0,82.9,2025-04-12 09:00:00,0.0,930.84,Active,18.2
RS001,Rain Sensor,0.0,92.9,2025-04-12 10:00:00,0.0,930.84,Active,25.5
RS001,Rain Sensor,0.0,73.3,2025-04-12 11:00:00,0.0,930.84,Active,24.1
RS001,Rain Sensor,0.0,85.9,2025-04-12 12:00:00,0.0,930.84,Active,22.4
RS001,Rain Sensor,0.0,87.3,2025-04-12 13:00:00,0.0,930.84,Active,28.1
RS001,Rain Sensor,77.4,87.0,2025-04-12 14:00:00,5.74,936.58,Active,26.1
RS001,Rain Sensor,0.0,83.0,2025-04-12 15:00:00,0.0,936.58,Active,23.0
RS001,Rain Sensor,29.2,72.9,2025-04-12 16:00:00,9.75,946.33,Active,20.1
RS001,Rain Sensor,0.0,73.6,2025-04-12 17:00:00,0.0,946.33,Active,17.5
RS001,Rain Sensor,0.0,93.8,2025-04-12 18:00:00,0.0,946.33,Active,25.6
RS001,Rain Sensor,0.0,73.6,2025-04-12 19:00:00,0.0,946.33,Active,26.7
RS001,Rain Sensor,57.5,97.6,2025-04-12 20:00:00,11.2,957.53,Active,18.6
RS001,Rain Sensor,11.5,81.8,2025-04-12 21:00:00,12.62,970.15,Active,23.2
RS001,Rain Sensor,0.0,75.7,2025-04-12 22:00:00,0.0,970.15,Active,23.4
RS001,Rain Sensor,0.0,83.7,2025-04-12 23:00:00,0.0,970.15,Active,18.1
RS001,Rain Sensor,0.0,92.8,2025-04-13 00:00:00,0.0,970.15,Active,16.7
RS001,Rain Sensor,0.0,95.5,2025-04-13 01:00:00,0.0,970.15,Active,25.4
RS001,Rain Sensor,0.0,89.6,2025-04-13 02:00:00,0.0,970.15,Active,24.7
RS001,Rain Sensor,89.3,71.7,2025-04-13 03:00:00,9.37,979.53,Active,22.5
RS001,Rain Sensor,0.0,71.9,2025-04-13 04:00:00,0.0,979.53,Active,19.5
RS001,Rain Sensor,0.0,83.5,2025-04-13 05:00:00,0.0,979.53,Active,27.4
RS001,Rain Sensor,21.4,80.9,2025-04-13 06:00:00,14.82,994.34,Active,21.2
RS001,Rain Sensor,53.3,92.3,2025-04-13 07:00:00,4.34,998.69,Active,19.3
RS001,Rain Sensor,71.8,79.7,2025-04-13 08:00:00,8.95,1007.64,Active,26.1
RS001,Rain Sensor,0.0,73.5,2025-04-13 09:00:00,0.0,1007.64,Active,22.4
RS001,Rain Sensor,17.4,86.0,2025-04-13 10:00:00,5.53,1013.18,Active,23.9
RS001,Rain Sensor,48.9,97.6,2025-04-13 11:00:00,4.17,1017.34,Active,22.5
RS001,Rain Sensor,0.0,94.9,2025-04-13 12:00:00,0.0,1017.34,Active,21.1
RS001,Rain Sensor,40.8,76.1,2025-04-13 13:00:00,11.58,1028.92,Active,24.4
RS001,Rain Sensor,55.6,73.8,2025-04-13 14:00:00,12.26,1041.18,Active,27.9
RS001,Rain Sensor,0.0,79.7,2025-04-13 15:00:00,0.0,1041.18,Active,25.8
RS001,Rain Sensor,23.8,98.3,2025-04-13 16:00:00,10.48,1051.66,Active,22.2
RS001,Rain Sensor,0.0,83.8,2025-04-13 17:00:00,0.0,1051.66,Active,19.1
RS001,Rain Sensor,0.0,89.1,2025-04-13 18:00:00,0.0,1051.66,Active,22.3
RS001,Rain Sensor,58.9,77.7,2025-04-13 19:00:00,13.69,1065.35,Active,18.7
RS001,Rain Sensor,0.0,70.8,2025-04-13 20:00:00,0.0,1065.35,Active,22.1
RS001,Rain Sensor,0.0,73.3,2025-04-13 21:00:00,0.0,1065.35,Active,18.0
RS001,Rain Sensor,45.8,76.3,2025-04-13 22:00:00,2.84,1068.19,Active,23.7
RS001,Rain Sensor,0.0,98.3,2025-04-13 23:00:00,0.0,1068.19,Active,21.0
RS001,Rain Sensor,46.8,74.1,2025-04-14 00:00:00,0.54,1068.73,Active,20.7
RS001,Rain Sensor,0.0,89.9,2025-04-14 01:00:00,0.0,1068.73,Active,17.4
RS001,Rain Sensor,0.0,97.9,2025-04-14 02:00:00,0.0,1068.73,Active,20.5
RS001,Rain Sensor,63.9,78.1,2025-04-14 03:00:00,2.54,1071.27,Active,27.5
RS001,Rain Sensor,0.0,92.8,2025-04-14 04:00:00,0.0,1071.27,Active,18.9
RS001,Rain Sensor,0.0,72.0,2025-04-14 05:00:00,0.0,1071.27,Active,26.6
RS001,Rain Sensor,0.0,84.7,2025-04-14 06:00:00,0.0,1071.27,Active,17.3
RS001,Rain Sensor,0.0,88.9,2025-04-14 07:00:00,0.0,1071.27,Active,20.3
RS001,Rain Sensor,0.0,73.1,2025-04-14 08:00:00,0.0,1071.27,Active,18.1
RS001,Rain Sensor,0.0,96.3,2025-04-14 09:00:00,0.0,1071.27,Active,17.2
RS001,Rain Sensor,17.4,78.8,2025-04-14 10:00:00,2.91,1074.18,Active,26.4
RS001,Rain Sensor,11.5,90.7,2025-04-14 11:00:00,10.3,1084.48,Active,27.7
RS001,Rain Sensor,43.2,76.4,2025-04-14 12:00:00,11.15,1095.63,Active,28.6
RS001,Rain Sensor,0.0,79.0,2025-04-14 13:00:00,0.0,1095.63,Active,25.4
RS001,Rain Sensor,0.0,89.0,2025-04-14 14:00:00,0.0,1095.63,Active,28.6
RS001,Rain Sensor,73.3,79.5,2025-04-14 15:00:00,5.91,1101.54,Active,22.4
RS001,Rain Sensor,0.0,83.9,2025-04-14 16:00:00,0.0,1101.54,Active,25.6
RS001,Rain Sensor,0.0,96.5,2025-04-14 17:00:00,0.0,1101.54,Active,22.6
RS001,Rain Sensor,0.0,84.8,2025-04-14 18:00:00,0.0,1101.54,Active,19.5
RS001,Rain Sensor,0.0,96.2,2025-04-14 19:00:00,0.0,1101.54,Active,19.9
RS001,Rain Sensor,29.7,91.7,2025-04-14 20:00:00,1.73,1103.27,Active,24.8
RS001,Rain Sensor,37.5,98.7,2025-04-14 21:00:00,10.42,1113.7,Active,22.9
RS001,Rain Sensor,0.0,74.0,2025-04-14 22:00:00,0.0,1113.7,Active,22.6
RS001,Rain Sensor,72.8,84.4,2025-04-14 23:00:00,11.85,1125.55,Active,25.9
RS001,Rain Sensor,0.0,74.8,2025-04-15 00:00:00,0.0,1125.55,Active,23.7
RS001,Rain Sensor,0.0,78.6,2025-04-15 01:00:00,0.0,1125.55,Active,27.1
RS001,Rain Sensor,55.5,82.9,2025-04-15 02:00:00,0.26,1125.81,Active,24.3
RS001,Rain Sensor,0.0,81.5,2025-04-15 03:00:00,0.0,1125.81,Active,24.7
RS001,Rain Sensor,30.9,89.9,2025-04-15 04:00:00,3.72,1129.53,Active,20.8
RS001,Rain Sensor,88.8,90.8,2025-04-15 05:00:00,5.96,1135.49,Active,16.6
RS001,Rain Sensor,45.5,73.5,2025-04-15 06:00:00,5.68,1141.17,Active,24.1
RS001,Rain Sensor,0.0,86.6,2025-04-15 07:00:00,0.0,1141.17,Active,17.4
RS001,Rain Sensor,0.0,81.5,2025-04-15 08:00:00,0.0,1141.17,Active,18.5
RS001,Rain Sensor,59.0,91.7,2025-04-15 09:00:00,10.68,1151.85,Active,23.4
RS001,Rain Sensor,0.0,72.0,2025-04-15 10:00:00,0.0,1151.85,Active,19.5
RS001,Rain Sensor,0.0,96.6,2025-04-15 11:00:00,0.0,1151.85,Active,26.3
RS001,Rain Sensor,56.4,91.2,2025-04-15 12:00:00,5.43,1157.29,Active,23.9
RS001,Rain Sensor,40.5,71.8,2025-04-15 13:00:00,11.7,1168.99,Active,27.2
RS001,Rain Sensor,0.0,96.7,2025-04-15 14:00:00,0.0,1168.99,Active,21.0
RS001,Rain Sensor,13.9,80.0,2025-04-15 15:00:00,7.07,1176.06,Active,28.1
RS001,Rain Sensor,0.0,79.8,2025-04-15 16:00:00,0.0,1176.06,Active,21.3
RS001,Rain Sensor,0.0,89.4,2025-04-15 17:00:00,0.0,1176.06,Active,20.0
RS001,Rain Sensor,0.0,90.3,2025-04-15 18:00:00,0.0,1176.06,Active,18.9
RS001,Rain Sensor,0.0,80.5,2025-04-15 19:00:00,0.0,1176.06,Active,22.0
RS001,Rain Sensor,31.0,85.7,2025-04-15 20:00:00,10.62,1186.68,Active,18.3
RS001,Rain Sensor,0.0,93.9,2025-04-15 21:00:00,0.0,1186.68,Active,19.9
RS001,Rain Sensor,0.0,96.9,2025-04-15 22:00:00,0.0,1186.68,Active,22.8
RS001,Rain Sensor,0.0,71.4,2025-04-15 23:00:00,0.0,1186.68,Active,18.7
RS001,Rain Sensor,0.0,84.4,2025-04-16 00:00:00,0.0,1186.68,Active,23.7
RS001,Rain Sensor,13.3,72.5,2025-04-16 01:00:00,12.22,1198.9,Active,21.5
RS001,Rain Sensor,77.1,93.8,2025-04-16 02:00:00,2.5,1201.4,Active,24.1
RS001,Rain Sensor,79.6,88.1,2025-04-16 03:00:00,11.15,1212.55,Active,26.8
RS001,Rain Sensor,0.0,72.4,2025-04-16 04:00:00,0.0,1212.55,Active,19.0
RS001,Rain Sensor,0.0,73.3,2025-04-16 05:00:00,0.0,1212.55,Maintenance,22.5
RS001,Rain Sensor,0.0,78.3,2025-04-16 06:00:00,0.0,1212.55,Active,21.0
RS001,Rain Sensor,0.0,89.9,2025-04-16 07:00:00,0.0,1212.55,Active,27.2
RS001,Rain Sensor,0.0,92.6,2025-04-16 08:00:00,0.0,1212.55,Active,22.0
RS001,Rain Sensor,0.0,78.3,2025-04-16 09:00:00,0.0,1212.55,Active,24.8
RS001,Rain Sensor,0.0,92.1,2025-04-16 10:00:00,0.0,1212.55,Active,24.4
RS001,Rain Sensor,0.0,76.8,2025-04-16 11:00:00,0.0,1212.55,Active,28.6
RS001,Rain Sensor,48.1,92.3,2025-04-16 12:00:00,7.62,1220.16,Active,22.1
RS001,Rain Sensor,0.0,73.2,2025-04-16 13:00:00,0.0,1220.16,Active,20.4
RS001,Rain Sensor,42.5,75.2,2025-04-16 14:00:00,6.4,1226.56,Active,21.0
RS001,Rain Sensor,0.0,73.5,2025-04-16 15:00:00,0.0,1226.56,Active,24.8
RS001,Rain Sensor,0.0,95.9,2025-04-16 16:00:00,0.0,1226.56,Active,22.5
RS001,Rain Sensor,0.0,87.1,2025-04-16 17:00:00,0.0,1226.56,Active,27.4
RS001,Rain Sensor,0.0,73.5,2025-04-16 18:00:00,0.0,1226.56,Active,17.7
RS001,Rain Sensor,78.1,84.2,2025-04-16 19:00:00,4.25,1230.81,Active,25.2
RS001,Rain Sensor,0.0,89.5,2025-04-16 20:00:00,0.0,1230.81,Active,20.6
RS001,Rain Sensor,0.0,77.2,2025-04-16 21:00:00,0.0,1230.81,Active,22.9
RS001,Rain Sensor,0.0,98.9,2025-04-16 22:00:00,0.0,1230.81,Active,20.9
RS001,Rain Sensor,0.0,80.1,2025-04-16 23:00:00,0.0,1230.81,Active,22.5
RS001,Rain Sensor,0.0,86.3,2025-04-17 00:00:00,0.0,1230.81,Active,19.7
RS001,Rain Sensor,0.0,79.3,2025-04-17 01:00:00,0.0,1230.81,Active,18.7
RS001,Rain Sensor,0.0,73.6,2025-04-17 02:00:00,0.0,1230.81,Active,20.8
RS001,Rain Sensor,40.1,75.5,2025-04-17 03:00:00,10.75,1241.56,Active,21.5
RS001,Rain Sensor,0.0,79.4,2025-04-17 04:00:00,0.0,1241.56,Active,19.8
RS001,Rain Sensor,56.8,74.1,2025-04-17 05:00:00,13.25,1254.81,Active,18.7
RS001,Rain Sensor,0.0,80.5,2025-04-17 06:00:00,0.0,1254.81,Active,19.2
RS001,Rain Sensor,0.0,85.8,2025-04-17 07:00:00,0.0,1254.81,Active,24.0
RS001,Rain Sensor,0.0,96.2,2025-04-17 08:00:00,0.0,1254.81,Active,21.5
RS001,Rain Sensor,87.4,98.7,2025-04-17 09:00:00,1.15,1255.96,Active,25.3
RS001,Rain Sensor,36.5,88.1,2025-04-17 10:00:00,14.78,1270.73,Active,28.1
RS001,Rain Sensor,59.2,72.6,2025-04-17 11:00:00,13.99,1284.72,Active,23.8
RS001,Rain Sensor,0.0,91.0,2025-04-17 12:00:00,0.0,1284.72,Active,25.5
RS001,Rain Sensor,45.3,90.9,2025-04-17 13:00:00,1.42,1286.14,Active,19.8
RS001,Rain Sensor,0.0,82.4,2025-04-17 14:00:00,0.0,1286.14,Active,25.6
RS001,Rain Sensor,0.0,80.1,2025-04-17 15:00:00,0.0,1286.14,Active,23.0
RS001,Rain Sensor,25.4,96.9,2025-04-17 16:00:00,10.18,1296.32,Active,22.7
RS001,Rain Sensor,0.0,77.0,2025-04-17 17:00:00,0.0,1296.32,Active,24.1
RS001,Rain Sensor,0.0,71.1,2025-04-17 18:00:00,0.0,1296.32,Active,25.9
RS001,Rain Sensor,83.7,73.2,2025-04-17 19:00:00,2.74,1299.06,Active,16.8
RS001,Rain Sensor,20.4,78.3,2025-04-17 20:00:00,9.82,1308.87,Active,24.1
RS001,Rain Sensor,0.0,92.7,2025-04-17 21:00:00,0.0,1308.87,Active,18.2
RS001,Rain Sensor,0.0,78.0,2025-04-17 22:00:00,0.0,1308.87,Active,23.2
RS001,Rain Sensor,28.3,93.1,2025-04-17 23:00:00,4.61,1313.48,Active,27.1
RS001,Rain Sensor,0.0,78.3,2025-04-18 00:00:00,0.0,1313.48,Active,19.8
RS001,Rain Sensor,0.0,96.6,2025-04-18 01:00:00,0.0,1313.48,Active,24.5
RS001,Rain Sensor,27.6,87.5,2025-04-18 02:00:00,8.87,1322.35,Active,23.2
RS001,Rain Sensor,0.0,71.5,2025-04-18 03:00:00,0.0,1322.35,Active,20.4
RS001,Rain Sensor,74.2,83.3,2025-04-18 04:00:00,7.46,1329.81,Active,19.5
RS001,Rain Sensor,0.0,89.3,2025-04-18 05:00:00,0.0,1329.81,Active,18.7
RS001,Rain Sensor,0.0,95.6,2025-04-18 06:00:00,0.0,1329.81,Active,19.2
RS001,Rain Sensor,0.0,72.8,2025-04-18 07:00:00,0.0,1329.81,Active,19.7
RS001,Rain Sensor,0.0,81.2,2025-04-18 08:00:00,0.0,1329.81,Active,26.1
RS001,Rain Sensor,0.0,78.0,2025-04-18 09:00:00,0.0,1329.81,Active,20.5
RS001,Rain Sensor,31.3,89.7,2025-04-18 10:00:00,10.17,1339.97,Active,20.3
RS001,Rain Sensor,51.6,90.2,2025-04-18 11:00:00,2.74,1342.71,Active,26.5
RS001,Rain Sensor,0.0,80.4,2025-04-18 12:00:00,0.0,1342.71,Active,29.6
RS001,Rain Sensor,0.0,97.6,2025-04-18 13:00:00,0.0,1342.71,Active,27.8
RS001,Rain Sensor,45.7,93.3,2025-04-18 14:00:00,4.85,1347.56,Active,28.2
RS001,Rain Sensor,0.0,70.3,2025-04-18 15:00:00,0.0,1347.56,Active,28.3
RS001,Rain Sensor,26.4,87.3,2025-04-18 16:00:00,8.0,1355.56,Active,22.7
RS001,Rain Sensor,0.0,81.6,2025-04-18 17:00:00,0.0,1355.56,Active,21.0
RS001,Rain Sensor,0.0,84.8,2025-04-18 18:00:00,0.0,1355.56,Active,19.8
RS001,Rain Sensor,0.0,91.3,2025-04-18 19:00:00,0.0,1355.56,Active,19.2
RS001,Rain Sensor,46.5,83.4,2025-04-18 20:00:00,6.97,1362.53,Active,17.9
RS001,Rain Sensor,0.0,92.2,2025-04-18 21:00:00,0.0,1362.53,Active,22.3
RS001,Rain Sensor,0.0,71.0,2025-04-18 22:00:00,0.0,1362.53,Active,24.3
RS001,Rain Sensor,17.4,73.9,2025-04-18 23:00:00,7.86,1370.39,Active,19.9
RS001,Rain Sensor,81.2,88.6,2025-04-19 00:00:00,1.53,1371.92,Active,16.9
RS001,Rain Sensor,0.0,86.4,2025-04-19 01:00:00,0.0,1371.92,Active,23.4
RS001,Rain Sensor,0.0,87.9,2025-04-19 02:00:00,0.0,1371.92,Active,19.7
RS001,Rain Sensor,13.9,76.3,2025-04-19 03:00:00,1.13,1373.05,Active,25.1
RS001,Rain Sensor,58.0,86.8,2025-04-19 04:00:00,10.87,1383.92,Active,18.8
RS001,Rain Sensor,0.0,83.9,2025-04-19 05:00:00,0.0,1383.92,Active,23.5
RS001,Rain Sensor,0.0,70.1,2025-04-19 06:00:00,0.0,1383.92,Active,21.6
RS001,Rain Sensor,0.0,93.4,2025-04-19 07:00:00,0.0,1383.92,Active,24.3
RS001,Rain Sensor,0.0,84.3,2025-04-19 08:00:00,0.0,1383.92,Active,21.8
RS001,Rain Sensor,67.5,84.3,2025-04-19 09:00:00,1.88,1385.8,Active,27.8
RS001,Rain Sensor,0.0,97.7,2025-04-19 10:00:00,0.0,1385.8,Active,29.2
RS001,Rain Sensor,0.0,76.5,2025-04-19 11:00:00,0.0,1385.8,Active,22.4
RS001,Rain Sensor,0.0,76.0,2025-04-19 12:00:00,0.0,1385.8,Active,27.6
RS001,Rain Sensor,0.0,87.5,2025-04-19 13:00:00,0.0,1385.8,Active,27.4
RS001,Rain Sensor,0.0,79.8,2025-04-19 14:00:00,0.0,1385.8,Active,21.1
RS001,Rain Sensor,0.0,81.3,2025-04-19 15:00:00,0.0,1385.8,Active,28.2
RS001,Rain Sensor,0.0,91.8,2025-04-19 16:00:00,0.0,1385.8,Active,26.9
RS001,Rain Sensor,20.3,72.2,2025-04-19 17:00:00,12.07,1397.88,Active,26.0
RS001,Rain Sensor,0.0,73.2,2025-04-19 18:00:00,0.0,1397.88,Active,22.3
RS001,Rain Sensor,55.5,98.7,2025-04-19 19:00:00,5.03,1402.9,Active,18.7
RS001,Rain Sensor,0.0,76.4,2025-04-19 20:00:00,0.0,1402.9,Active,23.5
RS001,Rain Sensor,0.0,97.7,2025-04-19 21:00:00,0.0,1402.9,Active,20.0
RS001,Rain Sensor,22.3,73.6,2025-04-19 22:00:00,7.33,1410.24,Active,17.7
RS001,Rain Sensor,0.0,89.8,2025-04-19 23:00:00,0.0,1410.24,Active,19.9
RS001,Rain Sensor,0.0,80.4,2025-04-20 00:00:00,0.0,1410.24,Active,21.5
RS001,Rain Sensor,0.0,76.6,2025-04-20 01:00:00,0.0,1410.24,Active,25.5
RS001,Rain Sensor,0.0,96.5,2025-04-20 02:00:00,0.0,1410.24,Active,25.9
RS001,Rain Sensor,0.0,97.1,2025-04-20 03:00:00,0.0,1410.24,Active,21.9
RS001,Rain Sensor,0.0,76.0,2025-04-20 04:00:00,0.0,1410.24,Active,18.8
RS001,Rain Sensor,0.0,97.0,2025-04-20 05:00:00,0.0,1410.24,Active,23.8
RS001,Rain Sensor,0.0,81.1,2025-04-20 06:00:00,0.0,1410.24,Active,19.1
RS001,Rain Sensor,0.0,81.8,2025-04-20 07:00:00,0.0,1410.24,Active,26.6
RS001,Rain Sensor,0.0,83.5,2025-04-20 08:00:00,0.0,1410.24,Active,22.6
RS001,Rain Sensor,0.0,97.2,2025-04-20 09:00:00,0.0,1410.24,Active,18.4
RS001,Rain Sensor,0.0,85.7,2025-04-20 10:00:00,0.0,1410.24,Active,21.1
RS001,Rain Sensor,21.8,91.9,2025-04-20 11:00:00,12.9,1423.14,Active,29.5
RS001,Rain Sensor,0.0,71.3,2025-04-20 12:00:00,0.0,1423.14,Active,21.5
RS001,Rain Sensor,0.0,95.9,2025-04-20 13:00:00,0.0,1423.14,Active,22.3
RS001,Rain Sensor,25.4,86.7,2025-04-20 14:00:00,9.51,1432.65,Active,27.6
RS001,Rain Sensor,47.6,78.9,2025-04-20 15:00:00,13.56,1446.21,Active,27.5
RS001,Rain Sensor,11.8,71.5,2025-04-20 16:00:00,14.2,1460.42,Active,25.8
RS001,Rain Sensor,50.6,90.5,2025-04-20 17:00:00,2.91,1463.32,Active,17.6
RS001,Rain Sensor,0.0,74.0,2025-04-20 18:00:00,0.0,1463.32,Active,17.9
RS001,Rain Sensor,81.8,93.8,2025-04-20 19:00:00,12.14,1475.46,Active,17.8
RS001,Rain Sensor,0.0,85.2,2025-04-20 20:00:00,0.0,1475.46,Active,22.4
RS001,Rain Sensor,60.4,71.1,2025-04-20 21:00:00,5.41,1480.87,Active,26.8
RS001,Rain Sensor,0.0,95.5,2025-04-20 22:00:00,0.0,1480.87,Active,18.4
RS001,Rain Sensor,0.0,84.6,2025-04-20 23:00:00,0.0,1480.87,Active,26.8
RS001,Rain Sensor,0.0,76.9,2025-04-21 00:00:00,0.0,1480.87,Active,20.4
RS001,Rain Sensor,0.0,95.3,2025-04-21 01:00:00,0.0,1480.87,Active,22.6
RS001,Rain Sensor,41.2,95.0,2025-04-21 02:00:00,10.08,1490.95,Active,19.5
RS001,Rain Sensor,11.5,83.5,2025-04-21 03:00:00,8.45,1499.4,Active,23.2
RS001,Rain Sensor,70.2,88.3,2025-04-21 04:00:00,11.13,1510.54,Active,21.3
RS001,Rain Sensor,0.0,97.7,2025-04-21 05:00:00,0.0,1510.54,Active,26.4
RS001,Rain Sensor,0.0,71.7,2025-04-21 06:00:00,0.0,1510.54,Active,21.3
RS001,Rain Sensor,0.0,75.6,2025-04-21 07:00:00,0.0,1510.54,Active,22.6
RS001,Rain Sensor,0.0,81.3,2025-04-21 08:00:00,0.0,1510.54,Active,27.0
RS001,Rain Sensor,22.4,98.6,2025-04-21 09:00:00,5.76,1516.3,Active,24.7
RS001,Rain Sensor,0.0,72.0,2025-04-21 10:00:00,0.0,1516.3,Active,21.2
RS001,Rain Sensor,85.0,91.9,2025-04-21 11:00:00,4.62,1520.92,Active,19.4
RS001,Rain Sensor,63.4,81.4,2025-04-21 12:00:00,1.02,1521.94,Active,24.9
RS001,Rain Sensor,72.0,81.6,2025-04-21 13:00:00,14.11,1536.06,Active,29.9
RS001,Rain Sensor,0.0,87.0,2025-04-21 14:00:00,0.0,1536.06,Active,23.6
RS001,Rain Sensor,0.0,73.5,2025-04-21 15:00:00,0.0,1536.06,Active,21.6
RS001,Rain Sensor,21.1,93.3,2025-04-21 16:00:00,2.78,1538.84,Active,22.6
RS001,Rain Sensor,0.0,89.0,2025-04-21 17:00:00,0.0,1538.84,Active,21.9
RS001,Rain Sensor,66.8,76.4,2025-04-21 18:00:00,14.5,1553.34,Active,20.3
RS001,Rain Sensor,0.0,96.0,2025-04-21 19:00:00,0.0,1553.34,Active,23.5
RS001,Rain Sensor,84.9,92.4,2025-04-21 20:00:00,11.12,1564.47,Active,18.0
RS001,Rain Sensor,0.0,96.7,2025-04-21 21:00:00,0.0,1564.47,Active,18.4
RS001,Rain Sensor,0.0,82.3,2025-04-21 22:00:00,0.0,1564.47,Active,25.3
RS001,Rain Sensor,52.5,79.4,2025-04-21 23:00:00,6.78,1571.24,Active,21.0
RS001,Rain Sensor,0.0,90.2,2025-04-22 00:00:00,0.0,1571.24,Active,24.6
RS001,Rain Sensor,0.0,92.5,2025-04-22 01:00:00,0.0,1571.24,Active,19.1
RS001,Rain Sensor,31.7,94.3,2025-04-22 02:00:00,2.59,1573.83,Active,26.5
RS001,Rain Sensor,0.0,73.2,2025-04-22 03:00:00,0.0,1573.83,Active,17.8
RS001,Rain Sensor,22.2,90.2,2025-04-22 04:00:00,2.89,1576.72,Active,17.4
RS001,Rain Sensor,35.8,87.2,2025-04-22 05:00:00,0.5,1577.22,Active,18.1
RS001,Rain Sensor,0.0,72.3,2025-04-22 06:00:00,0.0,1577.22,Active,20.8
RS001,Rain Sensor,0.0,75.6,2025-04-22 07:00:00,0.0,1577.22,Active,20.8
RS001,Rain Sensor,0.0,93.3,2025-04-22 08:00:00,0.0,1577.22,Active,23.4
RS001,Rain Sensor,0.0,97.9,2025-04-22 09:00:00,0.0,1577.22,Active,25.5
RS001,Rain Sensor,0.0,80.3,2025-04-22 10:00:00,0.0,1577.22,Active,28.2
RS001,Rain Sensor,0.0,77.0,2025-04-22 11:00:00,0.0,1577.22,Active,26.5
RS001,Rain Sensor,0.0,97.5,2025-04-22 12:00:00,0.0,1577.22,Active,24.2
RS001,Rain Sensor,0.0,70.0,2025-04-22 13:00:00,0.0,1577.22,Active,19.4
RS001,Rain Sensor,48.6,77.7,2025-04-22 14:00:00,11.09,1588.31,Active,24.9
RS001,Rain Sensor,0.0,74.0,2025-04-22 15:00:00,0.0,1588.31,Active,25.4
RS001,Rain Sensor,83.9,93.8,2025-04-22 16:00:00,13.05,1601.36,Active,22.7
RS001,Rain Sensor,0.0,92.2,2025-04-22 17:00:00,0.0,1601.36,Active,26.9
RS001,Rain Sensor,17.0,84.3,2025-04-22 18:00:00,2.31,1603.67,Active,20.9
RS001,Rain Sensor,0.0,84.8,2025-04-22 19:00:00,0.0,1603.67,Active,20.0
RS001,Rain Sensor,17.8,90.3,2025-04-22 20:00:00,9.82,1613.5,Active,20.6
RS001,Rain Sensor,0.0,92.7,2025-04-22 21:00:00,0.0,1613.5,Active,22.3
RS001,Rain Sensor,0.0,71.5,2025-04-22 22:00:00,0.0,1613.5,Active,22.8
RS001,Rain Sensor,0.0,90.9,2025-04-22 23:00:00,0.0,1613.5,Active,18.1
RS001,Rain Sensor,26.8,96.9,2025-04-23 00:00:00,0.59,1614.09,Active,17.4
RS001,Rain Sensor,14.3,91.1,2025-04-23 01:00:00,7.07,1621.16,Active,23.3
RS001,Rain Sensor,25.0,88.5,2025-04-23 02:00:00,1.91,1623.06,Active,19.2
RS001,Rain Sensor,69.8,97.9,2025-04-23 03:00:00,1.75,1624.82,Active,22.5
RS001,Rain Sensor,58.4,94.5,2025-04-23 04:00:00,8.94,1633.76,Active,20.2
RS001,Rain Sensor,75.5,88.2,2025-04-23 05:00:00,5.94,1639.7,Active,26.6
RS001,Rain Sensor,0.0,74.8,2025-04-23 06:00:00,0.0,1639.7,Active,26.7
RS001,Rain Sensor,27.0,97.9,2025-04-23 07:00:00,9.22,1648.92,Active,22.4
RS001,Rain Sensor,85.1,79.6,2025-04-23 08:00:00,7.25,1656.17,Active,23.6
RS001,Rain Sensor,0.0,89.6,2025-04-23 09:00:00,0.0,1656.17,Active,17.2
RS001,Rain Sensor,0.0,75.2,2025-04-23 10:00:00,0.0,1656.17,Active,24.8
RS001,Rain Sensor,0.0,86.0,2025-04-23 11:00:00,0.0,1656.17,Active,21.2
RS001,Rain Sensor,55.0,78.4,2025-04-23 12:00:00,14.44,1670.61,Active,19.8
RS001,Rain Sensor,0.0,85.4,2025-04-23 13:00:00,0.0,1670.61,Active,25.9
RS001,Rain Sensor,0.0,83.9,2025-04-23 14:00:00,0.0,1670.61,Active,29.3
RS001,Rain Sensor,21.3,91.3,2025-04-23 15:00:00,4.18,1674.78,Active,23.8
RS001,Rain Sensor,42.5,76.0,2025-04-23 16:00:00,4.34,1679.12,Active,22.8
RS001,Rain Sensor,71.8,75.0,2025-04-23 17:00:00,7.93,1687.05,Active,20.4
RS001,Rain Sensor,0.0,97.8,2025-04-23 18:00:00,0.0,1687.05,Active,23.8
RS001,Rain Sensor,0.0,78.8,2025-04-23 19:00:00,0.0,1687.05,Active,25.1
RS001,Rain Sensor,0.0,90.3,2025-04-23 20:00:00,0.0,1687.05,Active,24.6
RS001,Rain Sensor,0.0,71.8,2025-04-23 21:00:00,0.0,1687.05,Active,18.4
RS001,Rain Sensor,10.8,97.9,2025-04-23 22:00:00,6.86,1693.92,Active,20.0
RS001,Rain Sensor,0.0,81.1,2025-04-23 23:00:00,0.0,1693.92,Active,26.6
RS001,Rain Sensor,0.0,85.9,2025-04-24 00:00:00,0.0,1693.92,Active,18.9
RS001,Rain Sensor,28.6,94.1,2025-04-24 01:00:00,5.89,1699.81,Active,18.3
RS001,Rain Sensor,86.3,87.6,2025-04-24 02:00:00,5.55,1705.35,Active,18.0
RS001,Rain Sensor,0.0,98.7,2025-04-24 03:00:00,0.0,1705.35,Active,17.4
RS001,Rain Sensor,35.5,73.4,2025-04-24 04:00:00,7.83,1713.18,Active,21.6
RS001,Rain Sensor,0.0,72.8,2025-04-24 05:00:00,0.0,1713.18,Active,23.2
RS001,Rain Sensor,0.0,86.5,2025-04-24 06:00:00,0.0,1713.18,Active,20.4
RS001,Rain Sensor,0.0,88.6,2025-04-24 07:00:00,0.0,1713.18,Active,22.2
RS001,Rain Sensor,0.0,74.7,2025-04-24 08:00:00,0.0,1713.18,Active,25.4
RS001,Rain Sensor,0.0,89.6,2025-04-24 09:00:00,0.0,1713.18,Active,19.2
RS001,Rain Sensor,0.0,98.3,2025-04-24 10:00:00,0.0,1713.18,Active,25.4
RS001,Rain Sensor,0.0,98.1,2025-04-24 11:00:00,0.0,1713.18,Active,27.6
RS001,Rain Sensor,30.7,94.2,2025-04-24 12:00:00,6.94,1720.12,Active,26.2
RS001,Rain Sensor,86.6,80.9,2025-04-24 13:00:00,5.68,1725.8,Active,25.3
RS001,Rain Sensor,47.6,96.4,2025-04-24 14:00:00,1.98,1727.78,Active,30.5
RS001,Rain Sensor,0.0,72.1,2025-04-24 15:00:00,0.0,1727.78,Active,28.3
RS001,Rain Sensor,0.0,75.7,2025-04-24 16:00:00,0.0,1727.78,Active,27.1
RS001,Rain Sensor,0.0,89.1,2025-04-24 17:00:00,0.0,1727.78,Active,26.6
RS001,Rain Sensor,38.6,87.1,2025-04-24 18:00:00,6.22,1734.0,Active,17.0
RS001,Rain Sensor,0.0,97.7,2025-04-24 19:00:00,0.0,1734.0,Active,22.5
RS001,Rain Sensor,74.7,76.4,2025-04-24 20:00:00,12.09,1746.09,Maintenance,23.7
RS001,Rain Sensor,0.0,97.6,2025-04-24 21:00:00,0.0,1746.09,Active,19.2
RS001,Rain Sensor,0.0,82.3,2025-04-24 22:00:00,0.0,1746.09,Active,19.5
RS001,Rain Sensor,0.0,73.1,2025-04-24 23:00:00,0.0,1746.09,Active,22.1
RS001,Rain Sensor,0.0,87.2,2025-04-25 00:00:00,0.0,1746.09,Active,26.9
RS001,Rain Sensor,0.0,97.2,2025-04-25 01:00:00,0.0,1746.09,Active,21.0
RS001,Rain Sensor,71.3,90.3,2025-04-25 02:00:00,10.15,1756.24,Active,24.2
RS001,Rain Sensor,89.7,84.6,2025-04-25 03:00:00,1.11,1757.35,Active,24.9
RS001,Rain Sensor,0.0,98.2,2025-04-25 04:00:00,0.0,1757.35,Active,25.2
RS001,Rain Sensor,0.0,94.7,2025-04-25 05:00:00,0.0,1757.35,Active,18.0
RS001,Rain Sensor,0.0,75.3,2025-04-25 06:00:00,0.0,1757.35,Active,18.4
RS001,Rain Sensor,0.0,72.7,2025-04-25 07:00:00,0.0,1757.35,Active,25.5
RS001,Rain Sensor,0.0,94.6,2025-04-25 08:00:00,0.0,1757.35,Active,17.4
RS001,Rain Sensor,88.0,82.9,2025-04-25 09:00:00,1.27,1758.62,Active,24.4
RS001,Rain Sensor,23.5,71.1,2025-04-25 10:00:00,14.31,1772.93,Active,19.8
RS001,Rain Sensor,0.0,88.5,2025-04-25 11:00:00,0.0,1772.93,Active,22.0
RS001,Rain Sensor,0.0,94.8,2025-04-25 12:00:00,0.0,1772.93,Active,27.7
RS001,Rain Sensor,0.0,70.5,2025-04-25 13:00:00,0.0,1772.93,Active,20.1
RS001,Rain Sensor,0.0,75.1,2025-04-25 14:00:00,0.0,1772.93,Active,22.7
RS001,Rain Sensor,0.0,80.9,2025-04-25 15:00:00,0.0,1772.93,Active,22.9
RS001,Rain Sensor,73.9,70.3,2025-04-25 16:00:00,2.31,1775.23,Active,29.8
RS001,Rain Sensor,0.0,77.8,2025-04-25 17:00:00,0.0,1775.23,Active,19.3
RS001,Rain Sensor,22.0,85.6,2025-04-25 18:00:00,11.58,1786.81,Active,26.1
RS001,Rain Sensor,0.0,86.2,2025-04-25 19:00:00,0.0,1786.81,Active,21.5
RS001,Rain Sensor,0.0,88.5,2025-04-25 20:00:00,0.0,1786.81,Active,18.3
RS001,Rain Sensor,0.0,79.0,2025-04-25 21:00:00,0.0,1786.81,Active,23.6
RS001,Rain Sensor,0.0,94.1,2025-04-25 22:00:00,0.0,1786.81,Active,25.4
RS001,Rain Sensor,0.0,71.4,2025-04-25 23:00:00,0.0,1786.81,Active,19.6
RS001,Rain Sensor,0.0,87.1,2025-04-26 00:00:00,0.0,1786.81,Active,22.8
RS001,Rain Sensor,0.0,95.3,2025-04-26 01:00:00,0.0,1786.81,Active,18.2
RS001,Rain Sensor,80.6,88.5,2025-04-26 02:00:00,4.37,1791.18,Active,18.6
RS001,Rain Sensor,0.0,98.5,2025-04-26 03:00:00,0.0,1791.18,Active,18.4
RS001,Rain Sensor,0.0,87.3,2025-04-26 04:00:00,0.0,1791.18,Active,20.4
RS001,Rain Sensor,46.5,87.5,2025-04-26 05:00:00,9.26,1800.44,Active,24.3
RS001,Rain Sensor,0.0,83.7,2025-04-26 06:00:00,0.0,1800.44,Active,27.1
RS001,Rain Sensor,0.0,79.1,2025-04-26 07:00:00,0.0,1800.44,Active,23.5
RS001,Rain Sensor,0.0,78.0,2025-04-26 08:00:00,0.0,1800.44,Maintenance,25.9
RS001,Rain Sensor,0.0,76.0,2025-04-26 09:00:00,0.0,1800.44,Active,24.4
RS001,Rain Sensor,0.0,80.1,2025-04-26 10:00:00,0.0,1800.44,Active,28.6
RS001,Rain Sensor,0.0,77.9,2025-04-26 11:00:00,0.0,1800.44,Active,21.9
RS001,Rain Sensor,15.7,79.0,2025-04-26 12:00:00,4.81,1805.25,Active,21.1
RS001,Rain Sensor,36.1,73.6,2025-04-26 13:00:00,10.79,1816.04,Active,25.0
RS001,Rain Sensor,0.0,77.3,2025-04-26 14:00:00,0.0,1816.04,Active,20.6
RS001,Rain Sensor,0.0,82.4,2025-04-26 15:00:00,0.0,1816.04,Active,26.5
RS001,Rain Sensor,0.0,96.2,2025-04-26 16:00:00,0.0,1816.04,Active,25.1
RS001,Rain Sensor,0.0,96.5,2025-04-26 17:00:00,0.0,1816.04,Active,17.2
RS001,Rain Sensor,0.0,90.1,2025-04-26 18:00:00,0.0,1816.04,Active,22.7
RS001,Rain Sensor,87.8,88.7,2025-04-26 19:00:00,1.27,1817.32,Active,19.2
RS001,Rain Sensor,0.0,85.9,2025-04-26 20:00:00,0.0,1817.32,Active,23.0
RS001,Rain Sensor,0.0,74.0,2025-04-26 21:00:00,0.0,1817.32,Active,20.2
RS001,Rain Sensor,82.6,70.7,2025-04-26 22:00:00,8.75,1826.07,Active,22.0
RS001,Rain Sensor,0.0,81.0,2025-04-26 23:00:00,0.0,1826.07,Active,18.5
RS001,Rain Sensor,34.5,97.0,2025-04-27 00:00:00,8.0,1834.06,Active,20.8
RS001,Rain Sensor,38.0,91.9,2025-04-27 01:00:00,7.48,1841.55,Active,26.9
RS001,Rain Sensor,0.0,97.1,2025-04-27 02:00:00,0.0,1841.55,Active,21.5
RS001,Rain Sensor,0.0,79.1,2025-04-27 03:00:00,0.0,1841.55,Active,22.4
RS001,Rain Sensor,0.0,96.2,2025-04-27 04:00:00,0.0,1841.55,Active,23.4
RS001,Rain Sensor,50.1,82.9,2025-04-27 05:00:00,9.8,1851.35,Active,17.9
RS001,Rain Sensor,0.0,85.1,2025-04-27 06:00:00,0.0,1851.35,Active,22.0
RS001,Rain Sensor,0.0,70.9,2025-04-27 07:00:00,0.0,1851.35,Active,24.1
RS001,Rain Sensor,0.0,74.2,2025-04-27 08:00:00,0.0,1851.35,Active,26.3
RS001,Rain Sensor,0.0,84.6,2025-04-27 09:00:00,0.0,1851.35,Active,19.1
RS001,Rain Sensor,0.0,90.8,2025-04-27 10:00:00,0.0,1851.35,Active,23.8
RS001,Rain Sensor,0.0,70.0,2025-04-27 11:00:00,0.0,1851.35,Active,23.1
RS001,Rain Sensor,0.0,92.1,2025-04-27 12:00:00,0.0,1851.35,Active,25.3
RS001,Rain Sensor,0.0,94.1,2025-04-27 13:00:00,0.0,1851.35,Active,28.1
RS001,Rain Sensor,0.0,84.3,2025-04-27 14:00:00,0.0,1851.35,Active,26.1
RS001,Rain Sensor,73.2,94.3,2025-04-27 15:00:00,9.63,1860.97,Active,23.6
RS001,Rain Sensor,57.2,94.2,2025-04-27 16:00:00,7.22,1868.19,Active,26.3
RS001,Rain Sensor,36.8,74.0,2025-04-27 17:00:00,12.79,1880.98,Active,24.3
RS001,Rain Sensor,28.6,80.7,2025-04-27 18:00:00,1.01,1881.99,Active,16.1
RS001,Rain Sensor,79.0,84.1,2025-04-27 19:00:00,0.68,1882.67,Active,21.2
RS001,Rain Sensor,0.0,82.9,2025-04-27 20:00:00,0.0,1882.67,Active,22.1
RS001,Rain Sensor,0.0,78.6,2025-04-27 21:00:00,0.0,1882.67,Active,25.1
RS001,Rain Sensor,76.4,73.3,2025-04-27 22:00:00,11.74,1894.41,Active,19.0
RS001,Rain Sensor,0.0,75.5,2025-04-27 23:00:00,0.0,1894.41,Active,24.5
RS001,Rain Sensor,28.0,90.3,2025-04-28 00:00:00,2.81,1897.22,Active,23.0
RS001,Rain Sensor,0.0,91.2,2025-04-28 01:00:00,0.0,1897.22,Active,22.1
RS001,Rain Sensor,0.0,95.7,2025-04-28 02:00:00,0.0,1897.22,Active,24.5
RS001,Rain Sensor,46.0,97.7,2025-04-28 03:00:00,8.64,1905.86,Active,25.1
RS001,Rain Sensor,0.0,73.9,2025-04-28 04:00:00,0.0,1905.86,Active,20.9
RS001,Rain Sensor,0.0,87.0,2025-04-28 05:00:00,0.0,1905.86,Active,21.6
RS001,Rain Sensor,0.0,77.8,2025-04-28 06:00:00,0.0,1905.86,Active,20.3
RS001,Rain Sensor,0.0,94.9,2025-04-28 07:00:00,0.0,1905.86,Active,25.6
RS001,Rain Sensor,74.6,84.2,2025-04-28 08:00:00,13.2,1919.06,Active,26.1
RS001,Rain Sensor,46.7,87.9,2025-04-28 09:00:00,14.8,1933.87,Active,21.7
RS001,Rain Sensor,0.0,83.4,2025-04-28 10:00:00,0.0,1933.87,Active,21.5
RS001,Rain Sensor,28.4,93.5,2025-04-28 11:00:00,12.49,1946.35,Active,23.0
RS001,Rain Sensor,54.2,83.3,2025-04-28 12:00:00,6.31,1952.67,Active,19.0
RS001,Rain Sensor,31.8,91.2,2025-04-28 13:00:00,14.75,1967.42,Active,25.5
RS001,Rain Sensor,13.1,71.3,2025-04-28 14:00:00,8.01,1975.43,Active,26.3
RS001,Rain Sensor,0.0,85.6,2025-04-28 15:00:00,0.0,1975.43,Active,21.2
RS001,Rain Sensor,0.0,87.0,2025-04-28 16:00:00,0.0,1975.43,Active,27.9
RS001,Rain Sensor,85.2,94.1,2025-04-28 17:00:00,12.06,1987.5,Active,21.7
RS001,Rain Sensor,0.0,84.2,2025-04-28 18:00:00,0.0,1987.5,Active,24.2
RS001,Rain Sensor,53.3,98.0,2025-04-28 19:00:00,14.22,2001.72,Active,19.0
RS001,Rain Sensor,35.2,76.2,2025-04-28 20:00:00,5.32,2007.03,Active,24.5
RS001,Rain Sensor,73.3,77.6,2025-04-28 21:00:00,12.2,2019.23,Active,24.7
RS001,Rain Sensor,31.6,82.4,2025-04-28 22:00:00,9.32,2028.55,Active,24.1
RS001,Rain Sensor,82.1,76.9,2025-04-28 23:00:00,14.08,2042.63,Active,20.1
RS001,Rain Sensor,0.0,82.5,2025-04-29 00:00:00,0.0,2042.63,Active,21.1
RS001,Rain Sensor,0.0,76.7,2025-04-29 01:00:00,0.0,2042.63,Active,25.1
RS001,Rain Sensor,65.6,95.6,2025-04-29 02:00:00,10.5,2053.14,Active,23.7
RS001,Rain Sensor,39.2,86.8,2025-04-29 03:00:00,8.98,2062.11,Active,23.2
RS001,Rain Sensor,85.3,75.4,2025-04-29 04:00:00,10.9,2073.01,Active,20.0
RS001,Rain Sensor,0.0,84.2,2025-04-29 05:00:00,0.0,2073.01,Active,20.6
RS001,Rain Sensor,0.0,86.4,2025-04-29 06:00:00,0.0,2073.01,Active,24.5
RS001,Rain Sensor,17.1,84.0,2025-04-29 07:00:00,7.52,2080.53,Active,23.6
RS001,Rain Sensor,10.8,97.9,2025-04-29 08:00:00,6.32,2086.85,Active,24.7
RS001,Rain Sensor,45.6,82.7,2025-04-29 09:00:00,9.63,2096.48,Active,27.3
RS001,Rain Sensor,51.4,89.0,2025-04-29 10:00:00,1.35,2097.83,Active,28.9
RS001,Rain Sensor,0.0,89.1,2025-04-29 11:00:00,0.0,2097.83,Active,22.3
RS001,Rain Sensor,0.0,81.4,2025-04-29 12:00:00,0.0,2097.83,Active,24.2
RS001,Rain Sensor,0.0,89.3,2025-04-29 13:00:00,0.0,2097.83,Active,28.6
RS001,Rain Sensor,52.4,88.6,2025-04-29 14:00:00,6.54,2104.37,Active,27.8
RS001,Rain Sensor,0.0,84.4,2025-04-29 15:00:00,0.0,2104.37,Active,18.8
RS001,Rain Sensor,28.9,97.1,2025-04-29 16:00:00,6.13,2110.5,Active,20.8
RS001,Rain Sensor,0.0,96.2,2025-04-29 17:00:00,0.0,2110.5,Active,23.3
RS001,Rain Sensor,78.4,73.5,2025-04-29 18:00:00,12.15,2122.64,Active,19.9
RS001,Rain Sensor,0.0,73.5,2025-04-29 19:00:00,0.0,2122.64,Active,21.7
RS001,Rain Sensor,0.0,75.7,2025-04-29 20:00:00,0.0,2122.64,Active,18.7
RS001,Rain Sensor,55.2,79.7,2025-04-29 21:00:00,5.82,2128.46,Active,20.4
RS001,Rain Sensor,0.0,96.8,2025-04-29 22:00:00,0.0,2128.46,Active,21.1
RS001,Rain Sensor,18.1,71.6,2025-04-29 23:00:00,1.49,2129.95,Active,22.6
RS001,Rain Sensor,0.0,84.5,2025-04-30 00:00:00,0.0,2129.95,Active,16.7
RS001,Rain Sensor,0.0,83.8,2025-04-30 01:00:00,0.0,2129.95,Active,17.1
RS001,Rain Sensor,65.8,75.0,2025-04-30 02:00:00,3.36,2133.31,Active,22.0
RS001,Rain Sensor,0.0,90.5,2025-04-30 03:00:00,0.0,2133.31,Active,25.8
RS001,Rain Sensor,0.0,73.8,2025-04-30 04:00:00,0.0,2133.31,Active,19.1
RS001,Rain Sensor,76.0,92.8,2025-04-30 05:00:00,8.97,2142.27,Active,21.9
RS001,Rain Sensor,43.0,70.1,2025-04-30 06:00:00,9.3,2151.57,Active,22.6
RS001,Rain Sensor,0.0,77.8,2025-04-30 07:00:00,0.0,2151.57,Active,23.1
RS001,Rain Sensor,0.0,88.7,2025-04-30 08:00:00,0.0,2151.57,Active,18.0
RS001,Rain Sensor,0.0,79.2,2025-04-30 09:00:00,0.0,2151.57,Active,21.5
RS001,Rain Sensor,60.5,85.4,2025-04-30 10:00:00,7.65,2159.22,Active,26.1
RS001,Rain Sensor,0.0,91.2,2025-04-30 11:00:00,0.0,2159.22,Active,23.9
RS001,Rain Sensor,63.6,73.5,2025-04-30 12:00:00,9.09,2168.31,Maintenance,20.5
RS001,Rain Sensor,0.0,94.0,2025-04-30 13:00:00,0.0,2168.31,Active,21.0
RS001,Rain Sensor,36.7,76.3,2025-04-30 14:00:00,11.45,2179.75,Active,25.4
RS001,Rain Sensor,0.0,81.5,2025-04-30 15:00:00,0.0,2179.75,Active,22.1
RS001,Rain Sensor,0.0,85.8,2025-04-30 16:00:00,0.0,2179.75,Active,23.4
RS001,Rain Sensor,42.2,70.7,2025-04-30 17:00:00,5.05,2184.81,Active,20.6
RS001,Rain Sensor,0.0,83.2,2025-04-30 18:00:00,0.0,2184.81,Active,18.4
RS001,Rain Sensor,56.9,89.4,2025-04-30 19:00:00,12.11,2196.91,Active,22.9
RS001,Rain Sensor,0.0,93.2,2025-04-30 20:00:00,0.0,2196.91,Active,26.0
RS001,Rain Sensor,0.0,88.4,2025-04-30 21:00:00,0.0,2196.91,Active,20.0
RS001,Rain Sensor,41.1,78.0,2025-04-30 22:00:00,2.61,2199.53,Active,17.7
RS001,Rain Sensor,0.0,95.8,2025-04-30 23:00:00,0.0,2199.53,Active,18.3
